id	correct	distractor	decisive_tournament	similarity	question	correct_source	distractor_source
tennis_qa_0000	James Anderson	Gerald Patterson	Wimbledon	1.4853	This accomplished male tennis player won at least one Grand Slam singles title during a career established before the end of 2019. Like the other candidate, this player won the Australian Open singles title. Both candidates represented Australia. However, by the end of 2019, this player had never won the Wimbledon singles title. Who is this person?	https://en.wikipedia.org/wiki/James_Anderson_(tennis)	https://en.wikipedia.org/wiki/Gerald_Patterson
tennis_qa_0001	Ashley Cooper	Roy Emerson	French Open	1.4724	This accomplished male tennis player won at least one Grand Slam singles title during a career established before the end of 2019. Like the other candidate, this player won the Australian Open singles title. Both candidates represented Australia. However, by the end of 2019, this player had never won the French Open singles title. Who is this person?	https://en.wikipedia.org/wiki/Ashley_Cooper_(tennis)	https://en.wikipedia.org/wiki/Roy_Emerson
tennis_qa_0002	Sidney Wood	Ellsworth Vines	US Open	1.4702	This accomplished male tennis player won at least one Grand Slam singles title during a career established before the end of 2019. Like the other candidate, this player won the Wimbledon singles title. Both candidates represented United States. However, by the end of 2019, this player had never won the US Open singles title. Who is this person?	https://en.wikipedia.org/wiki/Sidney_Wood	https://en.wikipedia.org/wiki/Ellsworth_Vines
tennis_qa_0003	Althea Gibson	Shirley Fry	Australian Open	1.4431	This accomplished female tennis player won at least one Grand Slam singles title during a career established before the end of 2019. Like the other candidate, this player won the French Open singles title. Both candidates represented United States. However, by the end of 2019, this player had never won the Australian Open singles title. Who is this person?	https://en.wikipedia.org/wiki/Althea_Gibson	https://en.wikipedia.org/wiki/Shirley_Fry
tennis_qa_0004	Hazel Hotchkiss Wightman	May Sutton	Wimbledon	1.4273	This accomplished female tennis player won at least one Grand Slam singles title during a career established before the end of 2019. Like the other candidate, this player won the US Open singles title. Both candidates represented United States. However, by the end of 2019, this player had never won the Wimbledon singles title. Who is this person?	https://en.wikipedia.org/wiki/Hazel_Hotchkiss_Wightman	https://en.wikipedia.org/wiki/May_Sutton
tennis_qa_0005	Lindsay Davenport	Jennifer Capriati	French Open	1.3949	This accomplished female tennis player won at least one Grand Slam singles title during a career established before the end of 2019. Like the other candidate, this player won the Australian Open singles title. Both candidates represented United States. However, by the end of 2019, this player had never won the French Open singles title. Who is this person?	https://en.wikipedia.org/wiki/Lindsay_Davenport	https://en.wikipedia.org/wiki/Jennifer_Capriati
tennis_qa_0006	Jim Courier	Andre Agassi	US Open	1.4515	This accomplished male tennis player won at least one Grand Slam singles title during a career established before the end of 2019. Like the other candidate, this player won the Australian Open singles title. Both candidates represented United States. However, by the end of 2019, this player had never won the US Open singles title. Who is this person?	https://en.wikipedia.org/wiki/Jim_Courier	https://en.wikipedia.org/wiki/Andre_Agassi
tennis_qa_0007	Lesley Turner Bowrey	Margaret Court	US Open	1.3594	This accomplished female tennis player won at least one Grand Slam singles title during a career established before the end of 2019. Like the other candidate, this player won the French Open singles title. Both candidates represented Australia. However, by the end of 2019, this player had never won the US Open singles title. Who is this person?	https://en.wikipedia.org/wiki/Lesley_Turner_Bowrey	https://en.wikipedia.org/wiki/Margaret_Court
tennis_qa_0008	Fred Stolle	Rod Laver	Australian Open	1.3464	This accomplished male tennis player won at least one Grand Slam singles title during a career established before the end of 2019. Like the other candidate, this player won the French Open singles title. Both candidates represented Australia. However, by the end of 2019, this player had never won the Australian Open singles title. Who is this person?	https://en.wikipedia.org/wiki/Fred_Stolle	https://en.wikipedia.org/wiki/Rod_Laver
tennis_qa_0009	Ken Rosewall	Lew Hoad	Wimbledon	1.4247	This accomplished male tennis player won at least one Grand Slam singles title during a career established before the end of 2019. Like the other candidate, this player won the Australian Open singles title. Both candidates represented Australia. However, by the end of 2019, this player had never won the Wimbledon singles title. Who is this person?	https://en.wikipedia.org/wiki/Ken_Rosewall	https://en.wikipedia.org/wiki/Lew_Hoad
tennis_qa_0010	Bobby Riggs	Don McNeill	French Open	1.3666	This accomplished male tennis player won at least one Grand Slam singles title during a career established before the end of 2019. Like the other candidate, this player won the US Open singles title. Both candidates represented United States. However, by the end of 2019, this player had never won the French Open singles title. Who is this person?	https://en.wikipedia.org/wiki/Bobby_Riggs	https://en.wikipedia.org/wiki/Don_McNeill_(tennis)
tennis_qa_0011	Wilfred Baddeley	Horace Rice	Australian Open	1.1815	This accomplished male tennis player won at least one Grand Slam singles title during a career established before the end of 2019. Both candidates represented United Kingdom. However, by the end of 2019, this player had never won the Australian Open singles title. Who is this person?	https://en.wikipedia.org/wiki/Wilfred_Baddeley	https://en.wikipedia.org/wiki/Horace_Rice
tennis_qa_0012	Nancy Richey	Margaret Court	US Open	1.2018	This accomplished female tennis player won at least one Grand Slam singles title during a career established before the end of 2019. Like the other candidate, this player won the Australian Open singles title. However, by the end of 2019, this player had never won the US Open singles title. Who is this person?	https://en.wikipedia.org/wiki/Nancy_Richey	https://en.wikipedia.org/wiki/Margaret_Court
tennis_qa_0013	Reginald Doherty	Laurence Doherty	US Open	1.2326	This accomplished male tennis player won at least one Grand Slam singles title during a career established before the end of 2019. Like the other candidate, this player won the Wimbledon singles title. Both candidates represented United Kingdom of Great Britain and Ireland. However, by the end of 2019, this player had never won the US Open singles title. Who is this person?	https://en.wikipedia.org/wiki/Reginald_Doherty	https://en.wikipedia.org/wiki/Laurence_Doherty
tennis_qa_0014	Tracy Austin	Hana Mandlíková	Australian Open	1.1280	This accomplished female tennis player won at least one Grand Slam singles title during a career established before the end of 2019. Like the other candidate, this player won the US Open singles title. However, by the end of 2019, this player had never won the Australian Open singles title. Who is this person?	https://en.wikipedia.org/wiki/Tracy_Austin	https://en.wikipedia.org/wiki/Hana_Mandlíková
tennis_qa_0015	Chris O'Neil	Martina Navratilova	French Open	1.1241	This accomplished female tennis player won at least one Grand Slam singles title during a career established before the end of 2019. Like the other candidate, this player won the Australian Open singles title. However, by the end of 2019, this player had never won the French Open singles title. Who is this person?	https://en.wikipedia.org/wiki/Chris_O'Neil_(tennis)	https://en.wikipedia.org/wiki/Martina_Navratilova
tennis_qa_0016	Mary Carter Reitano	Maureen Connolly	Wimbledon	1.1241	This accomplished female tennis player won at least one Grand Slam singles title during a career established before the end of 2019. Like the other candidate, this player won the Australian Open singles title. However, by the end of 2019, this player had never won the Wimbledon singles title. Who is this person?	https://en.wikipedia.org/wiki/Mary_Carter_Reitano	https://en.wikipedia.org/wiki/Maureen_Connolly
tennis_qa_0017	William Clothier	Frank Parker	French Open	1.1885	This accomplished male tennis player won at least one Grand Slam singles title during a career established before the end of 2019. Like the other candidate, this player won the US Open singles title. However, by the end of 2019, this player had never won the French Open singles title. Who is this person?	https://en.wikipedia.org/wiki/William_Clothier	https://en.wikipedia.org/wiki/Frank_Parker
tennis_qa_0018	Bill Bowrey	Arthur Ashe	Wimbledon	1.1802	This accomplished male tennis player won at least one Grand Slam singles title during a career established before the end of 2019. Like the other candidate, this player won the Australian Open singles title. However, by the end of 2019, this player had never won the Wimbledon singles title. Who is this person?	https://en.wikipedia.org/wiki/Bill_Bowrey	https://en.wikipedia.org/wiki/Arthur_Ashe
tennis_qa_0019	Dick Savitt	Frank Sedgman	US Open	1.2102	This accomplished male tennis player won at least one Grand Slam singles title during a career established before the end of 2019. Like the other candidate, this player won the Australian Open singles title. However, by the end of 2019, this player had never won the US Open singles title. Who is this person?	https://en.wikipedia.org/wiki/Dick_Savitt	https://en.wikipedia.org/wiki/Frank_Sedgman
tennis_qa_0020	Kim Clijsters	Justine Henin	French Open	1.1215	This accomplished female tennis player won at least one Grand Slam singles title during a career established before the end of 2019. Like the other candidate, this player won the Australian Open singles title. Both candidates represented Belgium. However, by the end of 2019, this player had never won the French Open singles title. Who is this person?	https://en.wikipedia.org/wiki/Kim_Clijsters	https://en.wikipedia.org/wiki/Justine_Henin
tennis_qa_0021	Tony Trabert	Mervyn Rose	Australian Open	1.1148	This accomplished male tennis player won at least one Grand Slam singles title during a career established before the end of 2019. Like the other candidate, this player won the French Open singles title. However, by the end of 2019, this player had never won the Australian Open singles title. Who is this person?	https://en.wikipedia.org/wiki/Tony_Trabert	https://en.wikipedia.org/wiki/Mervyn_Rose
tennis_qa_0022	Françoise Dürr	Nancy Richey	Australian Open	1.1338	This accomplished female tennis player won at least one Grand Slam singles title during a career established before the end of 2019. Like the other candidate, this player won the French Open singles title. However, by the end of 2019, this player had never won the Australian Open singles title. Who is this person?	https://en.wikipedia.org/wiki/Françoise_Dürr	https://en.wikipedia.org/wiki/Nancy_Richey
tennis_qa_0023	Sue Barker	Martina Navratilova	US Open	1.1041	This accomplished female tennis player won at least one Grand Slam singles title during a career established before the end of 2019. Like the other candidate, this player won the French Open singles title. However, by the end of 2019, this player had never won the US Open singles title. Who is this person?	https://en.wikipedia.org/wiki/Sue_Barker	https://en.wikipedia.org/wiki/Martina_Navratilova
tennis_qa_0024	Shirley Brasher	Maureen Connolly	Wimbledon	1.1041	This accomplished female tennis player won at least one Grand Slam singles title during a career established before the end of 2019. Like the other candidate, this player won the French Open singles title. However, by the end of 2019, this player had never won the Wimbledon singles title. Who is this person?	https://en.wikipedia.org/wiki/Shirley_Brasher	https://en.wikipedia.org/wiki/Maureen_Connolly
tennis_qa_0025	Wilmer Allison	René Lacoste	French Open	1.1218	This accomplished male tennis player won at least one Grand Slam singles title during a career established before the end of 2019. Like the other candidate, this player won the US Open singles title. However, by the end of 2019, this player had never won the French Open singles title. Who is this person?	https://en.wikipedia.org/wiki/Wilmer_Allison	https://en.wikipedia.org/wiki/René_Lacoste
tennis_qa_0026	Manuel Santana	Rod Laver	Australian Open	1.1196	This accomplished male tennis player won at least one Grand Slam singles title during a career established before the end of 2019. Like the other candidate, this player won the French Open singles title. However, by the end of 2019, this player had never won the Australian Open singles title. Who is this person?	https://en.wikipedia.org/wiki/Manuel_Santana	https://en.wikipedia.org/wiki/Rod_Laver
tennis_qa_0027	Lesley Turner Bowrey	Nancy Richey	Australian Open	1.1575	This accomplished female tennis player won at least one Grand Slam singles title during a career established before the end of 2019. Like the other candidate, this player won the French Open singles title. However, by the end of 2019, this player had never won the Australian Open singles title. Who is this person?	https://en.wikipedia.org/wiki/Lesley_Turner_Bowrey	https://en.wikipedia.org/wiki/Nancy_Richey
tennis_qa_0028	Stan Wawrinka	Roger Federer	Wimbledon	1.0768	This accomplished male tennis player won at least one Grand Slam singles title during a career established before the end of 2019. Like the other candidate, this player won the Australian Open singles title. Both candidates represented Switzerland. However, by the end of 2019, this player had never won the Wimbledon singles title. Who is this person?	https://en.wikipedia.org/wiki/Stan_Wawrinka	https://en.wikipedia.org/wiki/Roger_Federer
tennis_qa_0029	Hilde Krahwinkel Sperling	Cilly Aussem	Wimbledon	1.0701	This accomplished female tennis player won at least one Grand Slam singles title during a career established before the end of 2019. Like the other candidate, this player won the French Open singles title. Both candidates represented Germany. However, by the end of 2019, this player had never won the Wimbledon singles title. Who is this person?	https://en.wikipedia.org/wiki/Hilde_Krahwinkel_Sperling	https://en.wikipedia.org/wiki/Cilly_Aussem
tennis_qa_0030	Harold Mahony	Laurence Doherty	US Open	1.1530	This accomplished male tennis player won at least one Grand Slam singles title during a career established before the end of 2019. Like the other candidate, this player won the Wimbledon singles title. Both candidates represented United Kingdom of Great Britain and Ireland. However, by the end of 2019, this player had never won the US Open singles title. Who is this person?	https://en.wikipedia.org/wiki/Harold_Mahony	https://en.wikipedia.org/wiki/Laurence_Doherty
tennis_qa_0031	Anastasia Myskina	Svetlana Kuznetsova	US Open	1.0342	This accomplished female tennis player won at least one Grand Slam singles title during a career established before the end of 2019. Like the other candidate, this player won the French Open singles title. Both candidates represented Russia. However, by the end of 2019, this player had never won the US Open singles title. Who is this person?	https://en.wikipedia.org/wiki/Anastasia_Myskina	https://en.wikipedia.org/wiki/Svetlana_Kuznetsova
tennis_qa_0032	Dorothy Round	Cilly Aussem	French Open	1.0522	This accomplished female tennis player won at least one Grand Slam singles title during a career established before the end of 2019. Like the other candidate, this player won the Wimbledon singles title. However, by the end of 2019, this player had never won the French Open singles title. Who is this person?	https://en.wikipedia.org/wiki/Dorothy_Round	https://en.wikipedia.org/wiki/Cilly_Aussem
tennis_qa_0033	Jimmy Connors	Guillermo Vilas	French Open	1.0692	This accomplished male tennis player won at least one Grand Slam singles title during a career established before the end of 2019. Like the other candidate, this player won the Australian Open singles title. However, by the end of 2019, this player had never won the French Open singles title. Who is this person?	https://en.wikipedia.org/wiki/Jimmy_Connors	https://en.wikipedia.org/wiki/Guillermo_Vilas
tennis_qa_0034	Venus Williams	Martina Hingis	Australian Open	1.0606	This accomplished female tennis player won at least one Grand Slam singles title during a career established before the end of 2019. Like the other candidate, this player won the US Open singles title. However, by the end of 2019, this player had never won the Australian Open singles title. Who is this person?	https://en.wikipedia.org/wiki/Venus_Williams	https://en.wikipedia.org/wiki/Martina_Hingis
tennis_qa_0035	Fred Stolle	Manuel Santana	Wimbledon	1.0909	This accomplished male tennis player won at least one Grand Slam singles title during a career established before the end of 2019. Like the other candidate, this player won the French Open singles title. However, by the end of 2019, this player had never won the Wimbledon singles title. Who is this person?	https://en.wikipedia.org/wiki/Fred_Stolle	https://en.wikipedia.org/wiki/Manuel_Santana
tennis_qa_0036	Lleyton Hewitt	Roger Federer	Australian Open	1.0387	This accomplished male tennis player won at least one Grand Slam singles title during a career established before the end of 2019. Like the other candidate, this player won the US Open singles title. However, by the end of 2019, this player had never won the Australian Open singles title. Who is this person?	https://en.wikipedia.org/wiki/Lleyton_Hewitt	https://en.wikipedia.org/wiki/Roger_Federer
tennis_qa_0037	Françoise Dürr	Margaret Court	US Open	1.0765	This accomplished female tennis player won at least one Grand Slam singles title during a career established before the end of 2019. Like the other candidate, this player won the French Open singles title. However, by the end of 2019, this player had never won the US Open singles title. Who is this person?	https://en.wikipedia.org/wiki/Françoise_Dürr	https://en.wikipedia.org/wiki/Margaret_Court
tennis_qa_0038	Ernest Renshaw	Laurence Doherty	US Open	1.1271	This accomplished male tennis player won at least one Grand Slam singles title during a career established before the end of 2019. Like the other candidate, this player won the Wimbledon singles title. Both candidates represented United Kingdom of Great Britain and Ireland. However, by the end of 2019, this player had never won the US Open singles title. Who is this person?	https://en.wikipedia.org/wiki/Ernest_Renshaw	https://en.wikipedia.org/wiki/Laurence_Doherty
tennis_qa_0039	Svetlana Kuznetsova	Maria Sharapova	Wimbledon	1.0194	This accomplished female tennis player won at least one Grand Slam singles title during a career established before the end of 2019. Like the other candidate, this player won the French Open singles title. Both candidates represented Russia. However, by the end of 2019, this player had never won the Wimbledon singles title. Who is this person?	https://en.wikipedia.org/wiki/Svetlana_Kuznetsova	https://en.wikipedia.org/wiki/Maria_Sharapova
tennis_qa_0040	Louise Brough	Doris Hart	French Open	0.9693	This accomplished female tennis player won at least one Grand Slam singles title during a career established before the end of 2019. Like the other candidate, this player won the Australian Open singles title. Both candidates represented United States. However, by the end of 2019, this player had never won the French Open singles title. Who is this person?	https://en.wikipedia.org/wiki/Louise_Brough	https://en.wikipedia.org/wiki/Doris_Hart
tennis_qa_0041	Stan Smith	Ilie Năstase	French Open	1.0167	This accomplished male tennis player won at least one Grand Slam singles title during a career established before the end of 2019. Like the other candidate, this player won the US Open singles title. However, by the end of 2019, this player had never won the French Open singles title. Who is this person?	https://en.wikipedia.org/wiki/Stan_Smith	https://en.wikipedia.org/wiki/Ilie_Năstase
tennis_qa_0042	Gottfried von Cramm	Fred Perry	Australian Open	0.9905	This accomplished male tennis player won at least one Grand Slam singles title during a career established before the end of 2019. Like the other candidate, this player won the French Open singles title. However, by the end of 2019, this player had never won the Australian Open singles title. Who is this person?	https://en.wikipedia.org/wiki/Gottfried_von_Cramm	https://en.wikipedia.org/wiki/Fred_Perry
tennis_qa_0043	Ernie Parker	Anthony Wilding	Wimbledon	0.9864	This accomplished male tennis player won at least one Grand Slam singles title during a career established before the end of 2019. Like the other candidate, this player won the Australian Open singles title. However, by the end of 2019, this player had never won the Wimbledon singles title. Who is this person?	https://en.wikipedia.org/wiki/Ernie_Parker	https://en.wikipedia.org/wiki/Anthony_Wilding
tennis_qa_0044	William Renshaw	Laurence Doherty	US Open	1.1271	This accomplished male tennis player won at least one Grand Slam singles title during a career established before the end of 2019. Like the other candidate, this player won the Wimbledon singles title. Both candidates represented United Kingdom of Great Britain and Ireland. However, by the end of 2019, this player had never won the US Open singles title. Who is this person?	https://en.wikipedia.org/wiki/William_Renshaw	https://en.wikipedia.org/wiki/Laurence_Doherty
tennis_qa_0045	Anastasia Myskina	Serena Williams	Australian Open	0.9925	This accomplished female tennis player won at least one Grand Slam singles title during a career established before the end of 2019. Like the other candidate, this player won the French Open singles title. However, by the end of 2019, this player had never won the Australian Open singles title. Who is this person?	https://en.wikipedia.org/wiki/Anastasia_Myskina	https://en.wikipedia.org/wiki/Serena_Williams
tennis_qa_0046	Christine Truman	Ann Haydon-Jones	Wimbledon	0.9416	This accomplished female tennis player won at least one Grand Slam singles title during a career established before the end of 2019. Like the other candidate, this player won the French Open singles title. Both candidates represented United Kingdom. However, by the end of 2019, this player had never won the Wimbledon singles title. Who is this person?	https://en.wikipedia.org/wiki/Christine_Truman	https://en.wikipedia.org/wiki/Ann_Jones_(tennis)
tennis_qa_0047	Lindsay Davenport	Serena Williams	French Open	0.9881	This accomplished female tennis player won at least one Grand Slam singles title during a career established before the end of 2019. Like the other candidate, this player won the Australian Open singles title. Both candidates represented United States. However, by the end of 2019, this player had never won the French Open singles title. Who is this person?	https://en.wikipedia.org/wiki/Lindsay_Davenport	https://en.wikipedia.org/wiki/Serena_Williams
tennis_qa_0048	Charlotte Cooper	Maud Barger-Wallach	US Open	0.9334	This accomplished female tennis player won at least one Grand Slam singles title during a career established before the end of 2019. However, by the end of 2019, this player had never won the US Open singles title. Who is this person?	https://en.wikipedia.org/wiki/Charlotte_Cooper_(tennis)	https://en.wikipedia.org/wiki/Maud_Barger-Wallach
tennis_qa_0049	Pete Sampras	Andre Agassi	French Open	1.0147	This accomplished male tennis player won at least one Grand Slam singles title during a career established before the end of 2019. Like the other candidate, this player won the Australian Open singles title. Both candidates represented United States. However, by the end of 2019, this player had never won the French Open singles title. Who is this person?	https://en.wikipedia.org/wiki/Pete_Sampras	https://en.wikipedia.org/wiki/Andre_Agassi
tennis_qa_0050	Yannick Noah	Ivan Lendl	Australian Open	0.9895	This accomplished male tennis player won at least one Grand Slam singles title during a career established before the end of 2019. Like the other candidate, this player won the French Open singles title. However, by the end of 2019, this player had never won the Australian Open singles title. Who is this person?	https://en.wikipedia.org/wiki/Yannick_Noah	https://en.wikipedia.org/wiki/Ivan_Lendl
tennis_qa_0051	Mats Wilander	Stefan Edberg	Wimbledon	0.9801	This accomplished male tennis player won at least one Grand Slam singles title during a career established before the end of 2019. Like the other candidate, this player won the Australian Open singles title. Both candidates represented Sweden. However, by the end of 2019, this player had never won the Wimbledon singles title. Who is this person?	https://en.wikipedia.org/wiki/Mats_Wilander	https://en.wikipedia.org/wiki/Stefan_Edberg
tennis_qa_0052	Alex Olmedo	Ashley Cooper	US Open	1.0404	This accomplished male tennis player won at least one Grand Slam singles title during a career established before the end of 2019. Like the other candidate, this player won the Australian Open singles title. However, by the end of 2019, this player had never won the US Open singles title. Who is this person?	https://en.wikipedia.org/wiki/Alex_Olmedo	https://en.wikipedia.org/wiki/Ashley_Cooper_(tennis)
tennis_qa_0053	Julie Vlasto	Suzanne Lenglen	Wimbledon	0.9313	This accomplished female tennis player won at least one Grand Slam singles title during a career established before the end of 2019. Like the other candidate, this player won the French Open singles title. Both candidates represented France. However, by the end of 2019, this player had never won the Wimbledon singles title. Who is this person?	https://en.wikipedia.org/wiki/Julie_Vlasto	https://en.wikipedia.org/wiki/Suzanne_Lenglen
tennis_qa_0054	Lena Rice	Mabel Cahill	US Open	0.9253	This accomplished female tennis player won at least one Grand Slam singles title during a career established before the end of 2019. Both candidates represented United Kingdom of Great Britain and Ireland. However, by the end of 2019, this player had never won the US Open singles title. Who is this person?	https://en.wikipedia.org/wiki/Lena_Rice	https://en.wikipedia.org/wiki/Mabel_Cahill
tennis_qa_0055	Sarah Palfrey Cooke	Margaret Scriven	French Open	0.9233	This accomplished female tennis player won at least one Grand Slam singles title during a career established before the end of 2019. However, by the end of 2019, this player had never won the French Open singles title. Who is this person?	https://en.wikipedia.org/wiki/Sarah_Palfrey_Cooke	https://en.wikipedia.org/wiki/Margaret_Scriven
tennis_qa_0056	Anastasia Myskina	Maria Sharapova	Australian Open	0.9894	This accomplished female tennis player won at least one Grand Slam singles title during a career established before the end of 2019. Like the other candidate, this player won the French Open singles title. Both candidates represented Russia. However, by the end of 2019, this player had never won the Australian Open singles title. Who is this person?	https://en.wikipedia.org/wiki/Anastasia_Myskina	https://en.wikipedia.org/wiki/Maria_Sharapova
tennis_qa_0057	Jack Kramer	Jaroslav Drobný	French Open	0.9850	This accomplished male tennis player won at least one Grand Slam singles title during a career established before the end of 2019. Like the other candidate, this player won the Wimbledon singles title. However, by the end of 2019, this player had never won the French Open singles title. Who is this person?	https://en.wikipedia.org/wiki/Jack_Kramer	https://en.wikipedia.org/wiki/Jaroslav_Drobný
tennis_qa_0058	Michael Stich	Boris Becker	Australian Open	0.9583	This accomplished male tennis player won at least one Grand Slam singles title during a career established before the end of 2019. Like the other candidate, this player won the Wimbledon singles title. Both candidates represented Germany. However, by the end of 2019, this player had never won the Australian Open singles title. Who is this person?	https://en.wikipedia.org/wiki/Michael_Stich	https://en.wikipedia.org/wiki/Boris_Becker
tennis_qa_0059	Bernard Destremau	Yvon Petra	Wimbledon	0.9558	This accomplished male tennis player won at least one Grand Slam singles title during a career established before the end of 2019. Like the other candidate, this player won the French Open singles title. Both candidates represented France. However, by the end of 2019, this player had never won the Wimbledon singles title. Who is this person?	https://en.wikipedia.org/wiki/Bernard_Destremau	https://en.wikipedia.org/wiki/Yvon_Petra
tennis_qa_0060	Louise Brough	Shirley Fry	French Open	0.9727	This accomplished female tennis player won at least one Grand Slam singles title during a career established before the end of 2019. Like the other candidate, this player won the Australian Open singles title. Both candidates represented United States. However, by the end of 2019, this player had never won the French Open singles title. Who is this person?	https://en.wikipedia.org/wiki/Louise_Brough	https://en.wikipedia.org/wiki/Shirley_Fry
tennis_qa_0061	Ethel Thomson Larcombe	Marion Jones Farquhar	US Open	0.9197	This accomplished female tennis player won at least one Grand Slam singles title during a career established before the end of 2019. However, by the end of 2019, this player had never won the US Open singles title. Who is this person?	https://en.wikipedia.org/wiki/Ethel_Thomson_Larcombe	https://en.wikipedia.org/wiki/Marion_Jones_Farquhar
tennis_qa_0062	Shirley Brasher	Ann Haydon-Jones	Wimbledon	0.9662	This accomplished female tennis player won at least one Grand Slam singles title during a career established before the end of 2019. Like the other candidate, this player won the French Open singles title. Both candidates represented United Kingdom. However, by the end of 2019, this player had never won the Wimbledon singles title. Who is this person?	https://en.wikipedia.org/wiki/Shirley_Brasher	https://en.wikipedia.org/wiki/Ann_Jones_(tennis)
tennis_qa_0063	Althea Gibson	Doris Hart	Australian Open	0.9633	This accomplished female tennis player won at least one Grand Slam singles title during a career established before the end of 2019. Like the other candidate, this player won the French Open singles title. Both candidates represented United States. However, by the end of 2019, this player had never won the Australian Open singles title. Who is this person?	https://en.wikipedia.org/wiki/Althea_Gibson	https://en.wikipedia.org/wiki/Doris_Hart
tennis_qa_0064	Lew Hoad	Roy Emerson	US Open	1.0295	This accomplished male tennis player won at least one Grand Slam singles title during a career established before the end of 2019. Like the other candidate, this player won the Australian Open singles title. Both candidates represented Australia. However, by the end of 2019, this player had never won the US Open singles title. Who is this person?	https://en.wikipedia.org/wiki/Lew_Hoad	https://en.wikipedia.org/wiki/Roy_Emerson
tennis_qa_0065	Ted Schroeder	Jaroslav Drobný	French Open	0.9850	This accomplished male tennis player won at least one Grand Slam singles title during a career established before the end of 2019. Like the other candidate, this player won the Wimbledon singles title. However, by the end of 2019, this player had never won the French Open singles title. Who is this person?	https://en.wikipedia.org/wiki/Ted_Schroeder	https://en.wikipedia.org/wiki/Jaroslav_Drobný
tennis_qa_0066	Goran Ivanišević	Pete Sampras	Australian Open	0.9668	This accomplished male tennis player won at least one Grand Slam singles title during a career established before the end of 2019. Like the other candidate, this player won the Wimbledon singles title. However, by the end of 2019, this player had never won the Australian Open singles title. Who is this person?	https://en.wikipedia.org/wiki/Goran_Ivanišević	https://en.wikipedia.org/wiki/Pete_Sampras
tennis_qa_0067	James Cecil Parke	Norman Brookes	Wimbledon	0.9322	This accomplished male tennis player won at least one Grand Slam singles title during a career established before the end of 2019. Like the other candidate, this player won the Australian Open singles title. Both candidates represented United Kingdom. However, by the end of 2019, this player had never won the Wimbledon singles title. Who is this person?	https://en.wikipedia.org/wiki/James_Cecil_Parke	https://en.wikipedia.org/wiki/Norman_Brookes
tennis_qa_0068	Pauline Betz	Margaret Osborne duPont	French Open	0.9151	This accomplished female tennis player won at least one Grand Slam singles title during a career established before the end of 2019. Like the other candidate, this player won the US Open singles title. Both candidates represented United States. However, by the end of 2019, this player had never won the French Open singles title. Who is this person?	https://en.wikipedia.org/wiki/Pauline_Betz	https://en.wikipedia.org/wiki/Margaret_Osborne_duPont
tennis_qa_0069	Jennifer Capriati	Monica Seles	US Open	0.9391	This accomplished female tennis player won at least one Grand Slam singles title during a career established before the end of 2019. Like the other candidate, this player won the Australian Open singles title. Both candidates represented United States. However, by the end of 2019, this player had never won the US Open singles title. Who is this person?	https://en.wikipedia.org/wiki/Jennifer_Capriati	https://en.wikipedia.org/wiki/Monica_Seles
tennis_qa_0070	Aline Terry	Coral Buttsworth	Australian Open	0.9062	This accomplished female tennis player won at least one Grand Slam singles title during a career established before the end of 2019. However, by the end of 2019, this player had never won the Australian Open singles title. Who is this person?	https://en.wikipedia.org/wiki/Aline_Terry	https://en.wikipedia.org/wiki/Coral_Buttsworth
tennis_qa_0071	Nancy Richey	Billie Jean King	Wimbledon	0.9786	This accomplished female tennis player won at least one Grand Slam singles title during a career established before the end of 2019. Like the other candidate, this player won the Australian Open singles title. Both candidates represented United States. However, by the end of 2019, this player had never won the Wimbledon singles title. Who is this person?	https://en.wikipedia.org/wiki/Nancy_Richey	https://en.wikipedia.org/wiki/Billie_Jean_King
tennis_qa_0072	Stan Smith	Jan Kodeš	French Open	0.9629	This accomplished male tennis player won at least one Grand Slam singles title during a career established before the end of 2019. Like the other candidate, this player won the Wimbledon singles title. However, by the end of 2019, this player had never won the French Open singles title. Who is this person?	https://en.wikipedia.org/wiki/Stan_Smith	https://en.wikipedia.org/wiki/Jan_Kodeš
tennis_qa_0073	Alex Olmedo	Roy Emerson	US Open	1.0067	This accomplished male tennis player won at least one Grand Slam singles title during a career established before the end of 2019. Like the other candidate, this player won the Australian Open singles title. However, by the end of 2019, this player had never won the US Open singles title. Who is this person?	https://en.wikipedia.org/wiki/Alex_Olmedo	https://en.wikipedia.org/wiki/Roy_Emerson
tennis_qa_0074	Andrés Gimeno	Manuel Santana	Wimbledon	0.9766	This accomplished male tennis player won at least one Grand Slam singles title during a career established before the end of 2019. Like the other candidate, this player won the French Open singles title. Both candidates represented Spain. However, by the end of 2019, this player had never won the Wimbledon singles title. Who is this person?	https://en.wikipedia.org/wiki/Andrés_Gimeno	https://en.wikipedia.org/wiki/Manuel_Santana
tennis_qa_0075	Björn Borg	Stefan Edberg	Australian Open	0.9339	This accomplished male tennis player won at least one Grand Slam singles title during a career established before the end of 2019. Like the other candidate, this player won the Wimbledon singles title. Both candidates represented Sweden. However, by the end of 2019, this player had never won the Australian Open singles title. Who is this person?	https://en.wikipedia.org/wiki/Björn_Borg	https://en.wikipedia.org/wiki/Stefan_Edberg
tennis_qa_0076	Marion Bartoli	Samantha Stosur	US Open	0.8935	This accomplished female tennis player won at least one Grand Slam singles title during a career established before the end of 2019. However, by the end of 2019, this player had never won the US Open singles title. Who is this person?	https://en.wikipedia.org/wiki/Marion_Bartoli	https://en.wikipedia.org/wiki/Samantha_Stosur
tennis_qa_0077	Helen Jacobs	Helen Wills	French Open	0.8859	This accomplished female tennis player won at least one Grand Slam singles title during a career established before the end of 2019. Like the other candidate, this player won the US Open singles title. Both candidates represented United States. However, by the end of 2019, this player had never won the French Open singles title. Who is this person?	https://en.wikipedia.org/wiki/Helen_Jacobs	https://en.wikipedia.org/wiki/Helen_Wills
tennis_qa_0078	Sarah Palfrey Cooke	Joan Hartigan	Australian Open	0.9062	This accomplished female tennis player won at least one Grand Slam singles title during a career established before the end of 2019. However, by the end of 2019, this player had never won the Australian Open singles title. Who is this person?	https://en.wikipedia.org/wiki/Sarah_Palfrey_Cooke	https://en.wikipedia.org/wiki/Joan_Hartigan
tennis_qa_0079	Simonne Mathieu	Suzanne Lenglen	Wimbledon	0.8982	This accomplished female tennis player won at least one Grand Slam singles title during a career established before the end of 2019. Like the other candidate, this player won the French Open singles title. Both candidates represented France. However, by the end of 2019, this player had never won the Wimbledon singles title. Who is this person?	https://en.wikipedia.org/wiki/Simonne_Mathieu	https://en.wikipedia.org/wiki/Suzanne_Lenglen
tennis_qa_0080	Ken Rosewall	Rod Laver	Wimbledon	0.9960	This accomplished male tennis player won at least one Grand Slam singles title during a career established before the end of 2019. Like the other candidate, this player won the Australian Open singles title. Both candidates represented Australia. However, by the end of 2019, this player had never won the Wimbledon singles title. Who is this person?	https://en.wikipedia.org/wiki/Ken_Rosewall	https://en.wikipedia.org/wiki/Rod_Laver
tennis_qa_0081	Rafael Osuna	Fred Stolle	French Open	0.9629	This accomplished male tennis player won at least one Grand Slam singles title during a career established before the end of 2019. Like the other candidate, this player won the US Open singles title. However, by the end of 2019, this player had never won the French Open singles title. Who is this person?	https://en.wikipedia.org/wiki/Rafael_Osuna	https://en.wikipedia.org/wiki/Fred_Stolle
tennis_qa_0082	Arthur Gore	Frederick Hovey	US Open	0.9048	This accomplished male tennis player won at least one Grand Slam singles title during a career established before the end of 2019. However, by the end of 2019, this player had never won the US Open singles title. Who is this person?	https://en.wikipedia.org/wiki/Arthur_Gore_(tennis)	https://en.wikipedia.org/wiki/Frederick_Hovey
tennis_qa_0083	Maurice E. McLoughlin	Arthur O'Hara Wood	Australian Open	0.9025	This accomplished male tennis player won at least one Grand Slam singles title during a career established before the end of 2019. However, by the end of 2019, this player had never won the Australian Open singles title. Who is this person?	https://en.wikipedia.org/wiki/Maurice_McLoughlin	https://en.wikipedia.org/wiki/Arthur_O'Hara_Wood
tennis_qa_0084	Flavia Pennetta	Justine Henin	Australian Open	0.9020	This accomplished female tennis player won at least one Grand Slam singles title during a career established before the end of 2019. Like the other candidate, this player won the US Open singles title. However, by the end of 2019, this player had never won the Australian Open singles title. Who is this person?	https://en.wikipedia.org/wiki/Flavia_Pennetta	https://en.wikipedia.org/wiki/Justine_Henin
tennis_qa_0085	Evonne Goolagong Cawley	Margaret Court	US Open	0.9443	This accomplished female tennis player won at least one Grand Slam singles title during a career established before the end of 2019. Like the other candidate, this player won the Australian Open singles title. Both candidates represented Australia. However, by the end of 2019, this player had never won the US Open singles title. Who is this person?	https://en.wikipedia.org/wiki/Evonne_Goolagong_Cawley	https://en.wikipedia.org/wiki/Margaret_Court
tennis_qa_0086	Dorothy Cheney	Nelly Landry	French Open	0.8663	This accomplished female tennis player won at least one Grand Slam singles title during a career established before the end of 2019. However, by the end of 2019, this player had never won the French Open singles title. Who is this person?	https://en.wikipedia.org/wiki/Dorothy_Cheney	https://en.wikipedia.org/wiki/Nelly_Landry
tennis_qa_0087	Jennifer Capriati	Serena Williams	Wimbledon	0.9539	This accomplished female tennis player won at least one Grand Slam singles title during a career established before the end of 2019. Like the other candidate, this player won the Australian Open singles title. Both candidates represented United States. However, by the end of 2019, this player had never won the Wimbledon singles title. Who is this person?	https://en.wikipedia.org/wiki/Jennifer_Capriati	https://en.wikipedia.org/wiki/Serena_Williams
tennis_qa_0088	Marcel Bernard	Yvon Petra	Wimbledon	0.9342	This accomplished male tennis player won at least one Grand Slam singles title during a career established before the end of 2019. Like the other candidate, this player won the French Open singles title. Both candidates represented France. However, by the end of 2019, this player had never won the Wimbledon singles title. Who is this person?	https://en.wikipedia.org/wiki/Marcel_Bernard	https://en.wikipedia.org/wiki/Yvon_Petra
tennis_qa_0089	Patrick Rafter	Michael Chang	French Open	0.9035	This accomplished male tennis player won at least one Grand Slam singles title during a career established before the end of 2019. However, by the end of 2019, this player had never won the French Open singles title. Who is this person?	https://en.wikipedia.org/wiki/Pat_Rafter	https://en.wikipedia.org/wiki/Michael_Chang
tennis_qa_0090	Richard Norris Williams	Pat O'Hara Wood	Australian Open	0.9025	This accomplished male tennis player won at least one Grand Slam singles title during a career established before the end of 2019. However, by the end of 2019, this player had never won the Australian Open singles title. Who is this person?	https://en.wikipedia.org/wiki/R._Norris_Williams	https://en.wikipedia.org/wiki/Pat_O'Hara_Wood
tennis_qa_0091	Juan Carlos Ferrero	Rafael Nadal	US Open	0.9005	This accomplished male tennis player won at least one Grand Slam singles title during a career established before the end of 2019. Like the other candidate, this player won the French Open singles title. Both candidates represented Spain. However, by the end of 2019, this player had never won the US Open singles title. Who is this person?	https://en.wikipedia.org/wiki/Juan_Carlos_Ferrero	https://en.wikipedia.org/wiki/Rafael_Nadal
tennis_qa_0092	Margaret Osborne duPont	Shirley Fry	Australian Open	0.9331	This accomplished female tennis player won at least one Grand Slam singles title during a career established before the end of 2019. Like the other candidate, this player won the French Open singles title. Both candidates represented United States. However, by the end of 2019, this player had never won the Australian Open singles title. Who is this person?	https://en.wikipedia.org/wiki/Margaret_Osborne_duPont	https://en.wikipedia.org/wiki/Shirley_Fry
tennis_qa_0093	Daphne Akhurst	Julie Vlasto	French Open	0.8737	This accomplished female tennis player won at least one Grand Slam singles title during a career established before the end of 2019. However, by the end of 2019, this player had never won the French Open singles title. Who is this person?	https://en.wikipedia.org/wiki/Daphne_Akhurst	https://en.wikipedia.org/wiki/Julie_Vlasto
tennis_qa_0094	Molla Mallory	May Sutton	Wimbledon	0.8726	This accomplished female tennis player won at least one Grand Slam singles title during a career established before the end of 2019. Like the other candidate, this player won the US Open singles title. Both candidates represented United States. However, by the end of 2019, this player had never won the Wimbledon singles title. Who is this person?	https://en.wikipedia.org/wiki/Molla_Mallory	https://en.wikipedia.org/wiki/May_Sutton
tennis_qa_0095	Barbara Jordan	Chris Evert	US Open	0.8425	This accomplished female tennis player won at least one Grand Slam singles title during a career established before the end of 2019. Like the other candidate, this player won the Australian Open singles title. Both candidates represented United States. However, by the end of 2019, this player had never won the US Open singles title. Who is this person?	https://en.wikipedia.org/wiki/Barbara_Jordan_(tennis)	https://en.wikipedia.org/wiki/Chris_Evert
tennis_qa_0096	Thomas Johansson	Stefan Edberg	US Open	0.9477	This accomplished male tennis player won at least one Grand Slam singles title during a career established before the end of 2019. Like the other candidate, this player won the Australian Open singles title. Both candidates represented Sweden. However, by the end of 2019, this player had never won the US Open singles title. Who is this person?	https://en.wikipedia.org/wiki/Thomas_Johansson	https://en.wikipedia.org/wiki/Stefan_Edberg
tennis_qa_0097	Mervyn Rose	Lew Hoad	Wimbledon	0.9693	This accomplished male tennis player won at least one Grand Slam singles title during a career established before the end of 2019. Like the other candidate, this player won the Australian Open singles title. Both candidates represented Australia. However, by the end of 2019, this player had never won the Wimbledon singles title. Who is this person?	https://en.wikipedia.org/wiki/Mervyn_Rose	https://en.wikipedia.org/wiki/Lew_Hoad
tennis_qa_0098	Ashley Cooper	Rod Laver	French Open	1.0186	This accomplished male tennis player won at least one Grand Slam singles title during a career established before the end of 2019. Like the other candidate, this player won the Australian Open singles title. Both candidates represented Australia. However, by the end of 2019, this player had never won the French Open singles title. Who is this person?	https://en.wikipedia.org/wiki/Ashley_Cooper_(tennis)	https://en.wikipedia.org/wiki/Rod_Laver
tennis_qa_0099	Henner Henkel	Don Budge	Australian Open	0.8886	This accomplished male tennis player won at least one Grand Slam singles title during a career established before the end of 2019. Like the other candidate, this player won the French Open singles title. However, by the end of 2019, this player had never won the Australian Open singles title. Who is this person?	https://en.wikipedia.org/wiki/Henner_Henkel	https://en.wikipedia.org/wiki/Don_Budge
tennis_qa_0100	Ann Haydon-Jones	Angela Mortimer	Australian Open	0.9034	This accomplished female tennis player won at least one Grand Slam singles title during a career established before the end of 2019. Like the other candidate, this player won the French Open singles title. Both candidates represented United Kingdom. However, by the end of 2019, this player had never won the Australian Open singles title. Who is this person?	https://en.wikipedia.org/wiki/Ann_Jones_(tennis)	https://en.wikipedia.org/wiki/Angela_Mortimer
tennis_qa_0101	Darlene Hard	Maureen Connolly	Wimbledon	0.8940	This accomplished female tennis player won at least one Grand Slam singles title during a career established before the end of 2019. Like the other candidate, this player won the French Open singles title. Both candidates represented United States. However, by the end of 2019, this player had never won the Wimbledon singles title. Who is this person?	https://en.wikipedia.org/wiki/Darlene_Hard	https://en.wikipedia.org/wiki/Maureen_Connolly
tennis_qa_0102	Nancye Wynne Bolton	Nelly Landry	French Open	0.8626	This accomplished female tennis player won at least one Grand Slam singles title during a career established before the end of 2019. However, by the end of 2019, this player had never won the French Open singles title. Who is this person?	https://en.wikipedia.org/wiki/Nancye_Wynne_Bolton	https://en.wikipedia.org/wiki/Nelly_Landry
tennis_qa_0103	Garbiñe Muguruza	Sloane Stephens	US Open	0.8363	This accomplished female tennis player won at least one Grand Slam singles title during a career established before the end of 2019. However, by the end of 2019, this player had never won the US Open singles title. Who is this person?	https://en.wikipedia.org/wiki/Garbiñe_Muguruza	https://en.wikipedia.org/wiki/Sloane_Stephens
tennis_qa_0104	Horace Rice	Norman Brookes	Wimbledon	0.9432	This accomplished male tennis player won at least one Grand Slam singles title during a career established before the end of 2019. Like the other candidate, this player won the Australian Open singles title. Both candidates represented United Kingdom. However, by the end of 2019, this player had never won the Wimbledon singles title. Who is this person?	https://en.wikipedia.org/wiki/Horace_Rice	https://en.wikipedia.org/wiki/Norman_Brookes
tennis_qa_0105	Oliver Campbell	Laurent Riboulet	French Open	0.8806	This accomplished male tennis player won at least one Grand Slam singles title during a career established before the end of 2019. However, by the end of 2019, this player had never won the French Open singles title. Who is this person?	https://en.wikipedia.org/wiki/Oliver_Campbell	https://en.wikipedia.org/wiki/Laurent_Riboulet
tennis_qa_0106	Wilmer Allison	Edgar Moon	Australian Open	0.9025	This accomplished male tennis player won at least one Grand Slam singles title during a career established before the end of 2019. However, by the end of 2019, this player had never won the Australian Open singles title. Who is this person?	https://en.wikipedia.org/wiki/Wilmer_Allison	https://en.wikipedia.org/wiki/Edgar_Moon
tennis_qa_0107	Björn Borg	Mats Wilander	US Open	0.9222	This accomplished male tennis player won at least one Grand Slam singles title during a career established before the end of 2019. Like the other candidate, this player won the French Open singles title. Both candidates represented Sweden. However, by the end of 2019, this player had never won the US Open singles title. Who is this person?	https://en.wikipedia.org/wiki/Björn_Borg	https://en.wikipedia.org/wiki/Mats_Wilander
tennis_qa_0108	Marguerite Broquedis	Suzanne Lenglen	Wimbledon	0.8915	This accomplished female tennis player won at least one Grand Slam singles title during a career established before the end of 2019. Like the other candidate, this player won the French Open singles title. Both candidates represented France. However, by the end of 2019, this player had never won the Wimbledon singles title. Who is this person?	https://en.wikipedia.org/wiki/Marguerite_Broquedis	https://en.wikipedia.org/wiki/Suzanne_Lenglen
tennis_qa_0109	Venus Williams	Lindsay Davenport	Australian Open	0.9121	This accomplished female tennis player won at least one Grand Slam singles title during a career established before the end of 2019. Like the other candidate, this player won the US Open singles title. Both candidates represented United States. However, by the end of 2019, this player had never won the Australian Open singles title. Who is this person?	https://en.wikipedia.org/wiki/Venus_Williams	https://en.wikipedia.org/wiki/Lindsay_Davenport
tennis_qa_0110	Hazel Hotchkiss Wightman	Jeanne Matthey	French Open	0.8603	This accomplished female tennis player won at least one Grand Slam singles title during a career established before the end of 2019. However, by the end of 2019, this player had never won the French Open singles title. Who is this person?	https://en.wikipedia.org/wiki/Hazel_Hotchkiss_Wightman	https://en.wikipedia.org/wiki/Jeanne_Matthey
tennis_qa_0111	Muriel Robb	Mabel Cahill	US Open	0.8486	This accomplished female tennis player won at least one Grand Slam singles title during a career established before the end of 2019. Both candidates represented United Kingdom of Great Britain and Ireland. However, by the end of 2019, this player had never won the US Open singles title. Who is this person?	https://en.wikipedia.org/wiki/Muriel_Robb	https://en.wikipedia.org/wiki/Mabel_Cahill
tennis_qa_0112	Ken Rosewall	Roy Emerson	Wimbledon	1.0051	This accomplished male tennis player won at least one Grand Slam singles title during a career established before the end of 2019. Like the other candidate, this player won the Australian Open singles title. Both candidates represented Australia. However, by the end of 2019, this player had never won the Wimbledon singles title. Who is this person?	https://en.wikipedia.org/wiki/Ken_Rosewall	https://en.wikipedia.org/wiki/Roy_Emerson
tennis_qa_0113	Wilfred Baddeley	William Larned	US Open	0.8948	This accomplished male tennis player won at least one Grand Slam singles title during a career established before the end of 2019. However, by the end of 2019, this player had never won the US Open singles title. Who is this person?	https://en.wikipedia.org/wiki/Wilfred_Baddeley	https://en.wikipedia.org/wiki/William_Larned
tennis_qa_0114	Malcolm Whitman	André Vacherot	French Open	0.8672	This accomplished male tennis player won at least one Grand Slam singles title during a career established before the end of 2019. However, by the end of 2019, this player had never won the French Open singles title. Who is this person?	https://en.wikipedia.org/wiki/Malcolm_Whitman	https://en.wikipedia.org/wiki/André_Vacherot
tennis_qa_0115	Henri Cochet	Jean Borotra	Australian Open	0.8670	This accomplished male tennis player won at least one Grand Slam singles title during a career established before the end of 2019. Like the other candidate, this player won the French Open singles title. Both candidates represented France. However, by the end of 2019, this player had never won the Australian Open singles title. Who is this person?	https://en.wikipedia.org/wiki/Henri_Cochet	https://en.wikipedia.org/wiki/Jean_Borotra
tennis_qa_0116	Alice Marble	Margaret Osborne duPont	French Open	0.8818	This accomplished female tennis player won at least one Grand Slam singles title during a career established before the end of 2019. Like the other candidate, this player won the US Open singles title. Both candidates represented United States. However, by the end of 2019, this player had never won the French Open singles title. Who is this person?	https://en.wikipedia.org/wiki/Alice_Marble	https://en.wikipedia.org/wiki/Margaret_Osborne_duPont
tennis_qa_0117	Margaret Scriven	Joan Hartigan	Australian Open	0.8813	This accomplished female tennis player won at least one Grand Slam singles title during a career established before the end of 2019. However, by the end of 2019, this player had never won the Australian Open singles title. Who is this person?	https://en.wikipedia.org/wiki/Margaret_Scriven	https://en.wikipedia.org/wiki/Joan_Hartigan
tennis_qa_0118	Chris O'Neil	Evonne Goolagong Cawley	Wimbledon	0.8717	This accomplished female tennis player won at least one Grand Slam singles title during a career established before the end of 2019. Like the other candidate, this player won the Australian Open singles title. Both candidates represented Australia. However, by the end of 2019, this player had never won the Wimbledon singles title. Who is this person?	https://en.wikipedia.org/wiki/Chris_O'Neil_(tennis)	https://en.wikipedia.org/wiki/Evonne_Goolagong_Cawley
tennis_qa_0119	Angela Mortimer	Virginia Wade	US Open	0.8369	This accomplished female tennis player won at least one Grand Slam singles title during a career established before the end of 2019. Like the other candidate, this player won the Australian Open singles title. Both candidates represented United Kingdom. However, by the end of 2019, this player had never won the US Open singles title. Who is this person?	https://en.wikipedia.org/wiki/Angela_Mortimer	https://en.wikipedia.org/wiki/Virginia_Wade
tennis_qa_0120	Colin Gregory	Fred Perry	French Open	0.8922	This accomplished male tennis player won at least one Grand Slam singles title during a career established before the end of 2019. Like the other candidate, this player won the Australian Open singles title. Both candidates represented United Kingdom. However, by the end of 2019, this player had never won the French Open singles title. Who is this person?	https://en.wikipedia.org/wiki/Colin_Gregory	https://en.wikipedia.org/wiki/Fred_Perry
tennis_qa_0121	Vivian McGrath	Jack Crawford	Wimbledon	0.8639	This accomplished male tennis player won at least one Grand Slam singles title during a career established before the end of 2019. Like the other candidate, this player won the Australian Open singles title. Both candidates represented Australia. However, by the end of 2019, this player had never won the Wimbledon singles title. Who is this person?	https://en.wikipedia.org/wiki/Vivian_McGrath	https://en.wikipedia.org/wiki/Jack_Crawford_(tennis)
tennis_qa_0122	Budge Patty	Tony Trabert	US Open	0.8831	This accomplished male tennis player won at least one Grand Slam singles title during a career established before the end of 2019. Like the other candidate, this player won the French Open singles title. Both candidates represented United States. However, by the end of 2019, this player had never won the US Open singles title. Who is this person?	https://en.wikipedia.org/wiki/Budge_Patty	https://en.wikipedia.org/wiki/Tony_Trabert
tennis_qa_0123	André Gobert	Arthur O'Hara Wood	Australian Open	0.8829	This accomplished male tennis player won at least one Grand Slam singles title during a career established before the end of 2019. However, by the end of 2019, this player had never won the Australian Open singles title. Who is this person?	https://en.wikipedia.org/wiki/André_Gobert	https://en.wikipedia.org/wiki/Arthur_O'Hara_Wood
tennis_qa_0124	Althea Gibson	Maureen Connolly	Australian Open	0.9487	This accomplished female tennis player won at least one Grand Slam singles title during a career established before the end of 2019. Like the other candidate, this player won the French Open singles title. Both candidates represented United States. However, by the end of 2019, this player had never won the Australian Open singles title. Who is this person?	https://en.wikipedia.org/wiki/Althea_Gibson	https://en.wikipedia.org/wiki/Maureen_Connolly
tennis_qa_0125	Emily Hood Westacott	Lolette Payot	French Open	0.8146	This accomplished female tennis player won at least one Grand Slam singles title during a career established before the end of 2019. However, by the end of 2019, this player had never won the French Open singles title. Who is this person?	https://en.wikipedia.org/wiki/Emily_Hood_Westacott	https://en.wikipedia.org/wiki/Lolette_Payot
tennis_qa_0126	Monica Seles	Serena Williams	Wimbledon	0.9128	This accomplished female tennis player won at least one Grand Slam singles title during a career established before the end of 2019. Like the other candidate, this player won the Australian Open singles title. Both candidates represented United States. However, by the end of 2019, this player had never won the Wimbledon singles title. Who is this person?	https://en.wikipedia.org/wiki/Monica_Seles	https://en.wikipedia.org/wiki/Serena_Williams
tennis_qa_0127	Barbara Jordan	Martina Navratilova	US Open	0.8644	This accomplished female tennis player won at least one Grand Slam singles title during a career established before the end of 2019. Like the other candidate, this player won the Australian Open singles title. Both candidates represented United States. However, by the end of 2019, this player had never won the US Open singles title. Who is this person?	https://en.wikipedia.org/wiki/Barbara_Jordan_(tennis)	https://en.wikipedia.org/wiki/Martina_Navratilova
tennis_qa_0128	Gordon Lowe	Norman Brookes	Wimbledon	0.9072	This accomplished male tennis player won at least one Grand Slam singles title during a career established before the end of 2019. Like the other candidate, this player won the Australian Open singles title. Both candidates represented United Kingdom. However, by the end of 2019, this player had never won the Wimbledon singles title. Who is this person?	https://en.wikipedia.org/wiki/Gordon_Lowe	https://en.wikipedia.org/wiki/Norman_Brookes
tennis_qa_0129	Andrés Gómez	Ivan Lendl	Australian Open	0.8804	This accomplished male tennis player won at least one Grand Slam singles title during a career established before the end of 2019. Like the other candidate, this player won the French Open singles title. However, by the end of 2019, this player had never won the Australian Open singles title. Who is this person?	https://en.wikipedia.org/wiki/Andrés_Gómez	https://en.wikipedia.org/wiki/Ivan_Lendl
tennis_qa_0130	Brian Teacher	Jimmy Connors	US Open	0.8777	This accomplished male tennis player won at least one Grand Slam singles title during a career established before the end of 2019. Like the other candidate, this player won the Australian Open singles title. Both candidates represented United States. However, by the end of 2019, this player had never won the US Open singles title. Who is this person?	https://en.wikipedia.org/wiki/Brian_Teacher	https://en.wikipedia.org/wiki/Jimmy_Connors
tennis_qa_0131	Thomas Johansson	Mats Wilander	French Open	0.9180	This accomplished male tennis player won at least one Grand Slam singles title during a career established before the end of 2019. Like the other candidate, this player won the Australian Open singles title. Both candidates represented Sweden. However, by the end of 2019, this player had never won the French Open singles title. Who is this person?	https://en.wikipedia.org/wiki/Thomas_Johansson	https://en.wikipedia.org/wiki/Mats_Wilander
tennis_qa_0132	Margaret Osborne duPont	Doris Hart	Australian Open	0.9296	This accomplished female tennis player won at least one Grand Slam singles title during a career established before the end of 2019. Like the other candidate, this player won the French Open singles title. Both candidates represented United States. However, by the end of 2019, this player had never won the Australian Open singles title. Who is this person?	https://en.wikipedia.org/wiki/Margaret_Osborne_duPont	https://en.wikipedia.org/wiki/Doris_Hart
tennis_qa_0133	Mary Kendall Browne	May Sutton	Wimbledon	0.8476	This accomplished female tennis player won at least one Grand Slam singles title during a career established before the end of 2019. Like the other candidate, this player won the US Open singles title. Both candidates represented United States. However, by the end of 2019, this player had never won the Wimbledon singles title. Who is this person?	https://en.wikipedia.org/wiki/Mary_Browne	https://en.wikipedia.org/wiki/May_Sutton
tennis_qa_0134	Louise Brough	Althea Gibson	French Open	0.9193	This accomplished female tennis player won at least one Grand Slam singles title during a career established before the end of 2019. Like the other candidate, this player won the US Open singles title. Both candidates represented United States. However, by the end of 2019, this player had never won the French Open singles title. Who is this person?	https://en.wikipedia.org/wiki/Louise_Brough	https://en.wikipedia.org/wiki/Althea_Gibson
tennis_qa_0135	Simonne Mathieu	Helen Jacobs	US Open	0.8339	This accomplished female tennis player won at least one Grand Slam singles title during a career established before the end of 2019. However, by the end of 2019, this player had never won the US Open singles title. Who is this person?	https://en.wikipedia.org/wiki/Simonne_Mathieu	https://en.wikipedia.org/wiki/Helen_Jacobs
tennis_qa_0136	John Hawkes	Gerald Patterson	Wimbledon	0.8796	This accomplished male tennis player won at least one Grand Slam singles title during a career established before the end of 2019. Like the other candidate, this player won the Australian Open singles title. Both candidates represented Australia. However, by the end of 2019, this player had never won the Wimbledon singles title. Who is this person?	https://en.wikipedia.org/wiki/John_Hawkes_(tennis)	https://en.wikipedia.org/wiki/Gerald_Patterson
tennis_qa_0137	Jan Kodeš	Ilie Năstase	US Open	0.9007	This accomplished male tennis player won at least one Grand Slam singles title during a career established before the end of 2019. Like the other candidate, this player won the French Open singles title. However, by the end of 2019, this player had never won the US Open singles title. Who is this person?	https://en.wikipedia.org/wiki/Jan_Kodeš	https://en.wikipedia.org/wiki/Ilie_Năstase
tennis_qa_0138	Frederick Hovey	Jean Schopfer	French Open	0.8672	This accomplished male tennis player won at least one Grand Slam singles title during a career established before the end of 2019. However, by the end of 2019, this player had never won the French Open singles title. Who is this person?	https://en.wikipedia.org/wiki/Frederick_Hovey	https://en.wikipedia.org/wiki/Jean_Schopfer
tennis_qa_0139	Neale Fraser	Frank Sedgman	Australian Open	0.8633	This accomplished male tennis player won at least one Grand Slam singles title during a career established before the end of 2019. Like the other candidate, this player won the US Open singles title. Both candidates represented Australia. However, by the end of 2019, this player had never won the Australian Open singles title. Who is this person?	https://en.wikipedia.org/wiki/Neale_Fraser	https://en.wikipedia.org/wiki/Frank_Sedgman
tennis_qa_0140	Marion Bartoli	Amélie Mauresmo	Australian Open	0.8205	This accomplished female tennis player won at least one Grand Slam singles title during a career established before the end of 2019. Like the other candidate, this player won the Wimbledon singles title. Both candidates represented France. However, by the end of 2019, this player had never won the Australian Open singles title. Who is this person?	https://en.wikipedia.org/wiki/Marion_Bartoli	https://en.wikipedia.org/wiki/Amélie_Mauresmo
tennis_qa_0141	Shirley Brasher	Angela Mortimer	Wimbledon	0.8920	This accomplished female tennis player won at least one Grand Slam singles title during a career established before the end of 2019. Like the other candidate, this player won the French Open singles title. Both candidates represented United Kingdom. However, by the end of 2019, this player had never won the Wimbledon singles title. Who is this person?	https://en.wikipedia.org/wiki/Shirley_Brasher	https://en.wikipedia.org/wiki/Angela_Mortimer
tennis_qa_0142	Esna Boyd	Suzanne Lenglen	French Open	0.8628	This accomplished female tennis player won at least one Grand Slam singles title during a career established before the end of 2019. However, by the end of 2019, this player had never won the French Open singles title. Who is this person?	https://en.wikipedia.org/wiki/Esna_Boyd	https://en.wikipedia.org/wiki/Suzanne_Lenglen
tennis_qa_0143	Evonne Goolagong Cawley	Hana Mandlíková	US Open	0.8569	This accomplished female tennis player won at least one Grand Slam singles title during a career established before the end of 2019. Like the other candidate, this player won the Australian Open singles title. Both candidates represented Australia. However, by the end of 2019, this player had never won the US Open singles title. Who is this person?	https://en.wikipedia.org/wiki/Evonne_Goolagong_Cawley	https://en.wikipedia.org/wiki/Hana_Mandlíková
tennis_qa_0144	Bill Bowrey	John Newcombe	US Open	0.8681	This accomplished male tennis player won at least one Grand Slam singles title during a career established before the end of 2019. Like the other candidate, this player won the Australian Open singles title. Both candidates represented Australia. However, by the end of 2019, this player had never won the US Open singles title. Who is this person?	https://en.wikipedia.org/wiki/Bill_Bowrey	https://en.wikipedia.org/wiki/John_Newcombe
tennis_qa_0145	Jack Kramer	Dinny Pails	Australian Open	0.8629	This accomplished male tennis player won at least one Grand Slam singles title during a career established before the end of 2019. However, by the end of 2019, this player had never won the Australian Open singles title. Who is this person?	https://en.wikipedia.org/wiki/Jack_Kramer	https://en.wikipedia.org/wiki/Dinny_Pails
tennis_qa_0146	Andy Murray	Novak Djokovic	French Open	0.8369	This accomplished male tennis player won at least one Grand Slam singles title during a career established before the end of 2019. Like the other candidate, this player won the US Open singles title. However, by the end of 2019, this player had never won the French Open singles title. Who is this person?	https://en.wikipedia.org/wiki/Andy_Murray	https://en.wikipedia.org/wiki/Novak_Djokovic
tennis_qa_0147	Joe Hunt	Bobby Riggs	Wimbledon	0.8602	This accomplished male tennis player won at least one Grand Slam singles title during a career established before the end of 2019. Like the other candidate, this player won the US Open singles title. Both candidates represented United States. However, by the end of 2019, this player had never won the Wimbledon singles title. Who is this person?	https://en.wikipedia.org/wiki/Joe_Hunt	https://en.wikipedia.org/wiki/Bobby_Riggs
tennis_qa_0148	Darlene Hard	Billie Jean King	Australian Open	0.8395	This accomplished female tennis player won at least one Grand Slam singles title during a career established before the end of 2019. Like the other candidate, this player won the French Open singles title. Both candidates represented United States. However, by the end of 2019, this player had never won the Australian Open singles title. Who is this person?	https://en.wikipedia.org/wiki/Darlene_Hard	https://en.wikipedia.org/wiki/Billie_Jean_King
tennis_qa_0149	Chris O'Neil	Sue Barker	French Open	0.8570	This accomplished female tennis player won at least one Grand Slam singles title during a career established before the end of 2019. However, by the end of 2019, this player had never won the French Open singles title. Who is this person?	https://en.wikipedia.org/wiki/Chris_O'Neil_(tennis)	https://en.wikipedia.org/wiki/Sue_Barker
tennis_qa_0150	Sarah Palfrey Cooke	Alice Marble	Wimbledon	0.8556	This accomplished female tennis player won at least one Grand Slam singles title during a career established before the end of 2019. Like the other candidate, this player won the US Open singles title. Both candidates represented United States. However, by the end of 2019, this player had never won the Wimbledon singles title. Who is this person?	https://en.wikipedia.org/wiki/Sarah_Palfrey_Cooke	https://en.wikipedia.org/wiki/Alice_Marble
tennis_qa_0151	Ann Haydon-Jones	Virginia Wade	US Open	0.8729	This accomplished female tennis player won at least one Grand Slam singles title during a career established before the end of 2019. Like the other candidate, this player won the Wimbledon singles title. Both candidates represented United Kingdom. However, by the end of 2019, this player had never won the US Open singles title. Who is this person?	https://en.wikipedia.org/wiki/Ann_Jones_(tennis)	https://en.wikipedia.org/wiki/Virginia_Wade
tennis_qa_0152	Mervyn Rose	Ken Rosewall	US Open	0.9608	This accomplished male tennis player won at least one Grand Slam singles title during a career established before the end of 2019. Like the other candidate, this player won the Australian Open singles title. Both candidates represented Australia. However, by the end of 2019, this player had never won the US Open singles title. Who is this person?	https://en.wikipedia.org/wiki/Mervyn_Rose	https://en.wikipedia.org/wiki/Ken_Rosewall
tennis_qa_0153	Carlos Moyá	Rafael Nadal	Australian Open	0.8599	This accomplished male tennis player won at least one Grand Slam singles title during a career established before the end of 2019. Like the other candidate, this player won the French Open singles title. Both candidates represented Spain. However, by the end of 2019, this player had never won the Australian Open singles title. Who is this person?	https://en.wikipedia.org/wiki/Carlos_Moyá	https://en.wikipedia.org/wiki/Rafael_Nadal
tennis_qa_0154	Adrian Quist	Jack Crawford	French Open	0.8581	This accomplished male tennis player won at least one Grand Slam singles title during a career established before the end of 2019. Like the other candidate, this player won the Australian Open singles title. Both candidates represented Australia. However, by the end of 2019, this player had never won the French Open singles title. Who is this person?	https://en.wikipedia.org/wiki/Adrian_Quist	https://en.wikipedia.org/wiki/Jack_Crawford_(tennis)
tennis_qa_0155	John Doeg	Ellsworth Vines	Wimbledon	0.8560	This accomplished male tennis player won at least one Grand Slam singles title during a career established before the end of 2019. Like the other candidate, this player won the US Open singles title. Both candidates represented United States. However, by the end of 2019, this player had never won the Wimbledon singles title. Who is this person?	https://en.wikipedia.org/wiki/John_Doeg	https://en.wikipedia.org/wiki/Ellsworth_Vines
tennis_qa_0156	Li Na	Justine Henin	US Open	0.8213	This accomplished female tennis player won at least one Grand Slam singles title during a career established before the end of 2019. Like the other candidate, this player won the Australian Open singles title. However, by the end of 2019, this player had never won the US Open singles title. Who is this person?	https://en.wikipedia.org/wiki/Li_Na	https://en.wikipedia.org/wiki/Justine_Henin
tennis_qa_0157	Flavia Pennetta	Francesca Schiavone	French Open	0.7921	This accomplished female tennis player won at least one Grand Slam singles title during a career established before the end of 2019. Both candidates represented Italy. However, by the end of 2019, this player had never won the French Open singles title. Who is this person?	https://en.wikipedia.org/wiki/Flavia_Pennetta	https://en.wikipedia.org/wiki/Francesca_Schiavone
tennis_qa_0158	Pauline Betz	Louise Brough	Australian Open	0.8645	This accomplished female tennis player won at least one Grand Slam singles title during a career established before the end of 2019. Like the other candidate, this player won the US Open singles title. Both candidates represented United States. However, by the end of 2019, this player had never won the Australian Open singles title. Who is this person?	https://en.wikipedia.org/wiki/Pauline_Betz	https://en.wikipedia.org/wiki/Louise_Brough
tennis_qa_0159	Kerry Reid	Evonne Goolagong Cawley	Wimbledon	0.8353	This accomplished female tennis player won at least one Grand Slam singles title during a career established before the end of 2019. Like the other candidate, this player won the Australian Open singles title. Both candidates represented Australia. However, by the end of 2019, this player had never won the Wimbledon singles title. Who is this person?	https://en.wikipedia.org/wiki/Kerry_Melville	https://en.wikipedia.org/wiki/Evonne_Goolagong_Cawley
tennis_qa_0160	Maurice E. McLoughlin	André Gobert	French Open	0.8806	This accomplished male tennis player won at least one Grand Slam singles title during a career established before the end of 2019. However, by the end of 2019, this player had never won the French Open singles title. Who is this person?	https://en.wikipedia.org/wiki/Maurice_McLoughlin	https://en.wikipedia.org/wiki/André_Gobert
tennis_qa_0161	Michel Vacherot	James Cecil Parke	Australian Open	0.8555	This accomplished male tennis player won at least one Grand Slam singles title during a career established before the end of 2019. However, by the end of 2019, this player had never won the Australian Open singles title. Who is this person?	https://en.wikipedia.org/wiki/Marcel_Vacherot	https://en.wikipedia.org/wiki/James_Cecil_Parke
tennis_qa_0162	Bob Falkenburg	Vic Seixas	US Open	0.8290	This accomplished male tennis player won at least one Grand Slam singles title during a career established before the end of 2019. Like the other candidate, this player won the Wimbledon singles title. Both candidates represented United States. However, by the end of 2019, this player had never won the US Open singles title. Who is this person?	https://en.wikipedia.org/wiki/Bob_Falkenburg	https://en.wikipedia.org/wiki/Vic_Seixas
tennis_qa_0163	Vitas Gerulaitis	Jimmy Connors	Wimbledon	0.8777	This accomplished male tennis player won at least one Grand Slam singles title during a career established before the end of 2019. Like the other candidate, this player won the Australian Open singles title. Both candidates represented United States. However, by the end of 2019, this player had never won the Wimbledon singles title. Who is this person?	https://en.wikipedia.org/wiki/Vitas_Gerulaitis	https://en.wikipedia.org/wiki/Jimmy_Connors
tennis_qa_0164	Shirley Brasher	Mary Carter Reitano	Australian Open	0.8570	This accomplished female tennis player won at least one Grand Slam singles title during a career established before the end of 2019. However, by the end of 2019, this player had never won the Australian Open singles title. Who is this person?	https://en.wikipedia.org/wiki/Shirley_Brasher	https://en.wikipedia.org/wiki/Mary_Carter_Reitano
tennis_qa_0165	Lindsay Davenport	Monica Seles	French Open	0.8789	This accomplished female tennis player won at least one Grand Slam singles title during a career established before the end of 2019. Like the other candidate, this player won the Australian Open singles title. Both candidates represented United States. However, by the end of 2019, this player had never won the French Open singles title. Who is this person?	https://en.wikipedia.org/wiki/Lindsay_Davenport	https://en.wikipedia.org/wiki/Monica_Seles
tennis_qa_0166	Aline Terry	Helen Wills	Wimbledon	0.8030	This accomplished female tennis player won at least one Grand Slam singles title during a career established before the end of 2019. Like the other candidate, this player won the US Open singles title. Both candidates represented United States. However, by the end of 2019, this player had never won the Wimbledon singles title. Who is this person?	https://en.wikipedia.org/wiki/Aline_Terry	https://en.wikipedia.org/wiki/Helen_Wills
tennis_qa_0167	Yvon Petra	René Lacoste	US Open	0.8996	This accomplished male tennis player won at least one Grand Slam singles title during a career established before the end of 2019. Like the other candidate, this player won the French Open singles title. Both candidates represented France. However, by the end of 2019, this player had never won the US Open singles title. Who is this person?	https://en.wikipedia.org/wiki/Yvon_Petra	https://en.wikipedia.org/wiki/René_Lacoste
tennis_qa_0168	William Larned	Horace Rice	Australian Open	0.8981	This accomplished male tennis player won at least one Grand Slam singles title during a career established before the end of 2019. However, by the end of 2019, this player had never won the Australian Open singles title. Who is this person?	https://en.wikipedia.org/wiki/William_Larned	https://en.wikipedia.org/wiki/Horace_Rice
tennis_qa_0169	Robert Lindley Murray	Bill Tilden	Wimbledon	0.8218	This accomplished male tennis player won at least one Grand Slam singles title during a career established before the end of 2019. Like the other candidate, this player won the US Open singles title. Both candidates represented United States. However, by the end of 2019, this player had never won the Wimbledon singles title. Who is this person?	https://en.wikipedia.org/wiki/Robert_Lindley_Murray	https://en.wikipedia.org/wiki/Bill_Tilden
tennis_qa_0170	Pancho Gonzales	Sven Davidson	French Open	0.8177	This accomplished male tennis player won at least one Grand Slam singles title during a career established before the end of 2019. However, by the end of 2019, this player had never won the French Open singles title. Who is this person?	https://en.wikipedia.org/wiki/Pancho_Gonzales	https://en.wikipedia.org/wiki/Sven_Davidson
tennis_qa_0171	Ana Ivanovic	Maria Sharapova	US Open	0.7856	This accomplished female tennis player won at least one Grand Slam singles title during a career established before the end of 2019. Like the other candidate, this player won the French Open singles title. However, by the end of 2019, this player had never won the US Open singles title. Who is this person?	https://en.wikipedia.org/wiki/Ana_Ivanovic	https://en.wikipedia.org/wiki/Maria_Sharapova
tennis_qa_0172	Kathleen McKane Godfree	Dorothy Round	Australian Open	0.7788	This accomplished female tennis player won at least one Grand Slam singles title during a career established before the end of 2019. Like the other candidate, this player won the Wimbledon singles title. Both candidates represented United Kingdom. However, by the end of 2019, this player had never won the Australian Open singles title. Who is this person?	https://en.wikipedia.org/wiki/Kathleen_McKane_Godfree	https://en.wikipedia.org/wiki/Dorothy_Round
tennis_qa_0173	Helen Houston Homans	May Sutton	Wimbledon	0.8235	This accomplished female tennis player won at least one Grand Slam singles title during a career established before the end of 2019. Like the other candidate, this player won the US Open singles title. Both candidates represented United States. However, by the end of 2019, this player had never won the Wimbledon singles title. Who is this person?	https://en.wikipedia.org/wiki/Helen_Homans	https://en.wikipedia.org/wiki/May_Sutton
tennis_qa_0174	Don McNeill	Don Budge	Australian Open	0.8718	This accomplished male tennis player won at least one Grand Slam singles title during a career established before the end of 2019. Like the other candidate, this player won the French Open singles title. Both candidates represented United States. However, by the end of 2019, this player had never won the Australian Open singles title. Who is this person?	https://en.wikipedia.org/wiki/Don_McNeill_(tennis)	https://en.wikipedia.org/wiki/Don_Budge
tennis_qa_0175	Pete Sampras	Jim Courier	French Open	0.8924	This accomplished male tennis player won at least one Grand Slam singles title during a career established before the end of 2019. Like the other candidate, this player won the Australian Open singles title. Both candidates represented United States. However, by the end of 2019, this player had never won the French Open singles title. Who is this person?	https://en.wikipedia.org/wiki/Pete_Sampras	https://en.wikipedia.org/wiki/Jim_Courier
tennis_qa_0176	Ken McGregor	Frank Sedgman	US Open	0.8631	This accomplished male tennis player won at least one Grand Slam singles title during a career established before the end of 2019. Like the other candidate, this player won the Australian Open singles title. Both candidates represented Australia. However, by the end of 2019, this player had never won the US Open singles title. Who is this person?	https://en.wikipedia.org/wiki/Ken_McGregor	https://en.wikipedia.org/wiki/Frank_Sedgman
tennis_qa_0177	Dinny Pails	Ted Schroeder	Wimbledon	0.8629	This accomplished male tennis player won at least one Grand Slam singles title during a career established before the end of 2019. However, by the end of 2019, this player had never won the Wimbledon singles title. Who is this person?	https://en.wikipedia.org/wiki/Dinny_Pails	https://en.wikipedia.org/wiki/Ted_Schroeder
tennis_qa_0178	Tracy Austin	Chris Evert	French Open	0.7820	This accomplished female tennis player won at least one Grand Slam singles title during a career established before the end of 2019. Like the other candidate, this player won the US Open singles title. Both candidates represented United States. However, by the end of 2019, this player had never won the French Open singles title. Who is this person?	https://en.wikipedia.org/wiki/Tracy_Austin	https://en.wikipedia.org/wiki/Chris_Evert
tennis_qa_0179	Chris O'Neil	Hana Mandlíková	US Open	0.8545	This accomplished female tennis player won at least one Grand Slam singles title during a career established before the end of 2019. Like the other candidate, this player won the Australian Open singles title. Both candidates represented Australia. However, by the end of 2019, this player had never won the US Open singles title. Who is this person?	https://en.wikipedia.org/wiki/Chris_O'Neil_(tennis)	https://en.wikipedia.org/wiki/Hana_Mandlíková
tennis_qa_0180	Stan Smith	Arthur Ashe	Australian Open	0.8868	This accomplished male tennis player won at least one Grand Slam singles title during a career established before the end of 2019. Like the other candidate, this player won the US Open singles title. Both candidates represented United States. However, by the end of 2019, this player had never won the Australian Open singles title. Who is this person?	https://en.wikipedia.org/wiki/Stan_Smith	https://en.wikipedia.org/wiki/Arthur_Ashe
tennis_qa_0181	Sarah Palfrey Cooke	Helen Jacobs	Wimbledon	0.8559	This accomplished female tennis player won at least one Grand Slam singles title during a career established before the end of 2019. Like the other candidate, this player won the US Open singles title. Both candidates represented United States. However, by the end of 2019, this player had never won the Wimbledon singles title. Who is this person?	https://en.wikipedia.org/wiki/Sarah_Palfrey_Cooke	https://en.wikipedia.org/wiki/Helen_Jacobs
tennis_qa_0182	Rafael Osuna	Manuel Santana	French Open	0.9101	This accomplished male tennis player won at least one Grand Slam singles title during a career established before the end of 2019. Like the other candidate, this player won the US Open singles title. However, by the end of 2019, this player had never won the French Open singles title. Who is this person?	https://en.wikipedia.org/wiki/Rafael_Osuna	https://en.wikipedia.org/wiki/Manuel_Santana
tennis_qa_0183	Richard Norris Williams	Bill Johnston	Wimbledon	0.8298	This accomplished male tennis player won at least one Grand Slam singles title during a career established before the end of 2019. Like the other candidate, this player won the US Open singles title. Both candidates represented United States. However, by the end of 2019, this player had never won the Wimbledon singles title. Who is this person?	https://en.wikipedia.org/wiki/R._Norris_Williams	https://en.wikipedia.org/wiki/Bill_Johnston_(tennis)
tennis_qa_0184	Patricia Canning Todd	Doris Hart	Australian Open	0.7995	This accomplished female tennis player won at least one Grand Slam singles title during a career established before the end of 2019. Like the other candidate, this player won the French Open singles title. Both candidates represented United States. However, by the end of 2019, this player had never won the Australian Open singles title. Who is this person?	https://en.wikipedia.org/wiki/Patricia_Canning_Todd	https://en.wikipedia.org/wiki/Doris_Hart
tennis_qa_0185	John Bromwich	Bobby Riggs	US Open	0.8513	This accomplished male tennis player won at least one Grand Slam singles title during a career established before the end of 2019. However, by the end of 2019, this player had never won the US Open singles title. Who is this person?	https://en.wikipedia.org/wiki/John_Bromwich	https://en.wikipedia.org/wiki/Bobby_Riggs
tennis_qa_0186	Dorothy Cheney	Shirley Fry	French Open	0.8209	This accomplished female tennis player won at least one Grand Slam singles title during a career established before the end of 2019. Like the other candidate, this player won the Australian Open singles title. Both candidates represented United States. However, by the end of 2019, this player had never won the French Open singles title. Who is this person?	https://en.wikipedia.org/wiki/Dorothy_Cheney	https://en.wikipedia.org/wiki/Shirley_Fry
tennis_qa_0187	Mima Jaušovec	Martina Navratilova	US Open	0.7851	This accomplished female tennis player won at least one Grand Slam singles title during a career established before the end of 2019. Like the other candidate, this player won the French Open singles title. However, by the end of 2019, this player had never won the US Open singles title. Who is this person?	https://en.wikipedia.org/wiki/Mima_Jaušovec	https://en.wikipedia.org/wiki/Martina_Navratilova
tennis_qa_0188	Budge Patty	Dick Savitt	Australian Open	0.8547	This accomplished male tennis player won at least one Grand Slam singles title during a career established before the end of 2019. Like the other candidate, this player won the Wimbledon singles title. Both candidates represented United States. However, by the end of 2019, this player had never won the Australian Open singles title. Who is this person?	https://en.wikipedia.org/wiki/Budge_Patty	https://en.wikipedia.org/wiki/Dick_Savitt
tennis_qa_0189	Pat O'Hara Wood	Gerald Patterson	Wimbledon	0.8796	This accomplished male tennis player won at least one Grand Slam singles title during a career established before the end of 2019. Like the other candidate, this player won the Australian Open singles title. Both candidates represented Australia. However, by the end of 2019, this player had never won the Wimbledon singles title. Who is this person?	https://en.wikipedia.org/wiki/Pat_O'Hara_Wood	https://en.wikipedia.org/wiki/Gerald_Patterson
tennis_qa_0190	Edgar Moon	Jack Crawford	French Open	0.8789	This accomplished male tennis player won at least one Grand Slam singles title during a career established before the end of 2019. Like the other candidate, this player won the Australian Open singles title. Both candidates represented Australia. However, by the end of 2019, this player had never won the French Open singles title. Who is this person?	https://en.wikipedia.org/wiki/Edgar_Moon	https://en.wikipedia.org/wiki/Jack_Crawford_(tennis)
tennis_qa_0191	Lew Hoad	Ashley Cooper	US Open	0.9496	This accomplished male tennis player won at least one Grand Slam singles title during a career established before the end of 2019. Like the other candidate, this player won the Australian Open singles title. Both candidates represented Australia. However, by the end of 2019, this player had never won the US Open singles title. Who is this person?	https://en.wikipedia.org/wiki/Lew_Hoad	https://en.wikipedia.org/wiki/Ashley_Cooper_(tennis)
tennis_qa_0192	Alice Marble	Helen Wills	French Open	0.8174	This accomplished female tennis player won at least one Grand Slam singles title during a career established before the end of 2019. Like the other candidate, this player won the US Open singles title. Both candidates represented United States. However, by the end of 2019, this player had never won the French Open singles title. Who is this person?	https://en.wikipedia.org/wiki/Alice_Marble	https://en.wikipedia.org/wiki/Helen_Wills
tennis_qa_0193	Christine Truman	Angela Mortimer	Australian Open	0.8069	This accomplished female tennis player won at least one Grand Slam singles title during a career established before the end of 2019. Like the other candidate, this player won the French Open singles title. Both candidates represented United Kingdom. However, by the end of 2019, this player had never won the Australian Open singles title. Who is this person?	https://en.wikipedia.org/wiki/Christine_Truman	https://en.wikipedia.org/wiki/Angela_Mortimer
tennis_qa_0194	Aline Terry	Helen Jacobs	Wimbledon	0.8226	This accomplished female tennis player won at least one Grand Slam singles title during a career established before the end of 2019. Like the other candidate, this player won the US Open singles title. Both candidates represented United States. However, by the end of 2019, this player had never won the Wimbledon singles title. Who is this person?	https://en.wikipedia.org/wiki/Aline_Terry	https://en.wikipedia.org/wiki/Helen_Jacobs
tennis_qa_0195	Patricia Canning Todd	Darlene Hard	US Open	0.7686	This accomplished female tennis player won at least one Grand Slam singles title during a career established before the end of 2019. Like the other candidate, this player won the French Open singles title. Both candidates represented United States. However, by the end of 2019, this player had never won the US Open singles title. Who is this person?	https://en.wikipedia.org/wiki/Patricia_Canning_Todd	https://en.wikipedia.org/wiki/Darlene_Hard
tennis_qa_0196	Art Larsen	Vic Seixas	Wimbledon	0.8276	This accomplished male tennis player won at least one Grand Slam singles title during a career established before the end of 2019. Like the other candidate, this player won the US Open singles title. Both candidates represented United States. However, by the end of 2019, this player had never won the Wimbledon singles title. Who is this person?	https://en.wikipedia.org/wiki/Art_Larsen	https://en.wikipedia.org/wiki/Vic_Seixas
tennis_qa_0197	Albert Costa	Rafael Nadal	Australian Open	0.8429	This accomplished male tennis player won at least one Grand Slam singles title during a career established before the end of 2019. Like the other candidate, this player won the French Open singles title. Both candidates represented Spain. However, by the end of 2019, this player had never won the Australian Open singles title. Who is this person?	https://en.wikipedia.org/wiki/Albert_Costa	https://en.wikipedia.org/wiki/Rafael_Nadal
tennis_qa_0198	Jean Borotra	René Lacoste	US Open	0.8658	This accomplished male tennis player won at least one Grand Slam singles title during a career established before the end of 2019. Like the other candidate, this player won the French Open singles title. Both candidates represented France. However, by the end of 2019, this player had never won the US Open singles title. Who is this person?	https://en.wikipedia.org/wiki/Jean_Borotra	https://en.wikipedia.org/wiki/René_Lacoste
tennis_qa_0199	Arthur Gore	Jean Schopfer	French Open	0.8380	This accomplished male tennis player won at least one Grand Slam singles title during a career established before the end of 2019. However, by the end of 2019, this player had never won the French Open singles title. Who is this person?	https://en.wikipedia.org/wiki/Arthur_Gore_(tennis)	https://en.wikipedia.org/wiki/Jean_Schopfer
